target_id,pair_rank,flags,fwd_primer_tailed,rev_primer_tailed,fwd_primer_seq,rev_primer_seq,fwd_primer_tm,rev_primer_tm,amplicon_size,specificity_hits
b0303,1 (Strategy 0 (Ideal)),OK,CCTGGAAAGTCACATCGATGCAGATCGGAAGAGCGTCGTGTAGGGAAAGAGTGT,TGGTGGAAAATGCCATAACGCAGATCGGAAGAGCACACGTCTGAACTCCAGTCAC,GCATCGATGTGACTTTCCAGG,GCGTTATGGCATTTTCCACCA,59.98,60.45,153,"F:1, R:1"
b4577,0 (Strategy 0 (Ideal)),OK,ATAAAACTGACGCATGGGGCAGATCGGAAGAGCGTCGTGTAGGGAAAGAGTGT,CCCGCCAGCAGATTATACCTAGATCGGAAGAGCACACGTCTGAACTCCAGTCAC,GCCCCATGCGTCAGTTTTAT,AGGTATAATCTGCTGGCGGG,59.55,59.97,198,"F:1, R:1"
b0048,0 (Strategy 0 (Ideal)),OK,CTAACGCCGCAATCAGACTGAGATCGGAAGAGCGTCGTGTAGGGAAAGAGTGT,AAGTCGGTGGATGAAGCCATAGATCGGAAGAGCACACGTCTGAACTCCAGTCAC,CAGTCTGATTGCGGCGTTAG,ATGGCTTCATCCACCGACTT,59.98,60.05,240,"F:1, R:1"
b0073,0 (Strategy 0 (Ideal)),OK,AGTTTGACGTTCTGCTGTGCAGATCGGAAGAGCGTCGTGTAGGGAAAGAGTGT,CGAGCAGATTCAAACGCGATAGATCGGAAGAGCACACGTCTGAACTCCAGTCAC,GCACAGCAGAACGTCAAACT,ATCGCGTTTGAATCTGCTCG,59.98,59.98,204,"F:1, R:1"
b0245,10 (Strategy 0 (Ideal)),OK,AGCTGGTTCGTATCGACAGGAGATCGGAAGAGCGTCGTGTAGGGAAAGAGTGT,TGTTCCAGCAGACGTGTCAGAGATCGGAAGAGCACACGTCTGAACTCCAGTCAC,CCTGTCGATACGAACCAGCT,CTGACACGTCTGCTGGAACA,60.19,60.90,156,"F:1, R:1"
b0193,0 (Strategy 0 (Ideal)),OK,GATTAGCCCTGCCGATCTGAAGATCGGAAGAGCGTCGTGTAGGGAAAGAGTGT,GCGAAAATCCTCGGAGAACGAGATCGGAAGAGCACACGTCTGAACTCCAGTCAC,TCAGATCGGCAGGGCTAATC,CGTTCTCCGAGGATTTTCGC,59.98,59.98,180,"F:1, R:1"
b0094,0 (Strategy 0 (Ideal)),OK,TGTTGGCGAAGCTTTTCCTGAGATCGGAAGAGCGTCGTGTAGGGAAAGAGTGT,CGTATTATTCGACGGCGGTGAGATCGGAAGAGCACACGTCTGAACTCCAGTCAC,CAGGAAAAGCTTCGCCAACA,CACCGCCGTCGAATAATACG,59.98,59.85,195,"F:1, R:1"
b0335,10 (Strategy 0 (Ideal)),OK,GTTCGGCCTTCACAAAACCAAGATCGGAAGAGCGTCGTGTAGGGAAAGAGTGT,CGATCGGGTGCTGGTGTATAAGATCGGAAGAGCACACGTCTGAACTCCAGTCAC,TGGTTTTGTGAAGGCCGAAC,TATACACCAGCACCCGATCG,59.91,59.98,211,"F:1, R:1"
b0176,1 (Strategy 0 (Ideal)),OK,ACTCCCCTGCCTTTCGATTTAGATCGGAAGAGCGTCGTGTAGGGAAAGAGTGT,GACAAAACGTGGCAGCTGATAGATCGGAAGAGCACACGTCTGAACTCCAGTCAC,AAATCGAAAGGCAGGGGAGT,ATCAGCTGCCACGTTTTGTC,59.97,60.05,190,"F:1, R:1"
b0260,10 (Strategy 0 (Ideal)),OK,TTTGACCAGCGAGAACCAGAAGATCGGAAGAGCGTCGTGTAGGGAAAGAGTGT,ATGGTGGCAGTGAACTTTGCAGATCGGAAGAGCACACGTCTGAACTCCAGTCAC,TCTGGTTCTCGCTGGTCAAA,GCAAAGTTCACTGCCACCAT,59.90,59.98,187,"F:1, R:1"
b0067,10 (Strategy 0 (Ideal)),OK,GCTCAACAACACTATCGGCCAGATCGGAAGAGCGTCGTGTAGGGAAAGAGTGT,TAGCAGCATCATGGTCAGCAAGATCGGAAGAGCACACGTCTGAACTCCAGTCAC,GGCCGATAGTGTTGTTGAGC,TGCTGACCATGATGCTGCTA,59.91,60.12,159,"F:1, R:1"
b0324,1 (Strategy 0 (Ideal)),OK,ATTTCACACTCAAAGCCCGCAGATCGGAAGAGCGTCGTGTAGGGAAAGAGTGT,GCGTGGCAGCCATCAATTATAGATCGGAAGAGCACACGTCTGAACTCCAGTCAC,GCGGGCTTTGAGTGTGAAAT,ATAATTGATGGCTGCCACGC,60.05,59.98,246,"F:1, R:1"
b0101,0 (Strategy 0 (Ideal)),OK,TTCCGAAAGCGATGACTGGAAGATCGGAAGAGCGTCGTGTAGGGAAAGAGTGT,AGGTTGGGCAATTCACCGTAAGATCGGAAGAGCACACGTCTGAACTCCAGTCAC,TCCAGTCATCGCTTTCGGAA,TACGGTGAATTGCCCAACCT,60.05,60.26,164,"F:1, R:1"
b0149,10 (Strategy 0 (Ideal)),OK,TCATCATTCTGCGGTGACCAAGATCGGAAGAGCGTCGTGTAGGGAAAGAGTGT,ACCTGGATTAAACTGGGCGTAGATCGGAAGAGCACACGTCTGAACTCCAGTCAC,TGGTCACCGCAGAATGATGA,ACGCCCAGTTTAATCCAGGT,60.05,59.97,152,"F:1, R:1"
b0183,13 (Strategy 0 (Ideal)),OK,TCTTCATAGAGCGCCAGACGAGATCGGAAGAGCGTCGTGTAGGGAAAGAGTGT,CCCGAAATTACCGATGCCTGAGATCGGAAGAGCACACGTCTGAACTCCAGTCAC,CGTCTGGCGCTCTATGAAGA,CAGGCATCGGTAATTTCGGG,60.26,59.70,196,"F:1, R:1"
b0077,0 (Strategy 0 (Ideal)),OK,AACCGCCAAAGAGTCTCGATAGATCGGAAGAGCGTCGTGTAGGGAAAGAGTGT,AGAAGAAACCGTGGTTTGCGAGATCGGAAGAGCACACGTCTGAACTCCAGTCAC,ATCGAGACTCTTTGGCGGTT,CGCAAACCACGGTTTCTTCT,60.05,59.98,202,"F:1, R:1"
b0026,0 (Strategy 0 (Ideal)),OK,GCGAGTCATAACCGGAAAGCAGATCGGAAGAGCGTCGTGTAGGGAAAGAGTGT,TTGACGGTCAACGCAAAGACAGATCGGAAGAGCACACGTCTGAACTCCAGTCAC,GCTTTCCGGTTATGACTCGC,GTCTTTGCGTTGACCGTCAA,59.98,59.98,172,"F:1, R:1"
b0386,20 (Strategy 0 (Ideal)),OK,GCAGTGATCGAAGCGATGACAGATCGGAAGAGCGTCGTGTAGGGAAAGAGTGT,TTTTGCGGAACCCATTACCGAGATCGGAAGAGCACACGTCTGAACTCCAGTCAC,GTCATCGCTTCGATCACTGC,CGGTAATGGGTTCCGCAAAA,60.05,59.77,151,"F:1, R:1"
b0398,10 (Strategy 0 (Ideal)),OK,TGTCATCTGGTGGTACTGGCAGATCGGAAGAGCGTCGTGTAGGGAAAGAGTGT,GATGCCAGTCTGAGGTGTGAAGATCGGAAGAGCACACGTCTGAACTCCAGTCAC,GCCAGTACCACCAGATGACA,TCACACCTCAGACTGGCATC,60.05,60.05,231,"F:1, R:1"
b0315,0 (Strategy 0 (Ideal)),OK,AGTCATCCAGCGCAAAGGTAAGATCGGAAGAGCGTCGTGTAGGGAAAGAGTGT,TCTGAGTATCGTGGCGGAAGAGATCGGAAGAGCACACGTCTGAACTCCAGTCAC,TACCTTTGCGCTGGATGACT,CTTCCGCCACGATACTCAGA,60.05,59.91,188,"F:1, R:1"
b0369,0 (Strategy 0 (Ideal)),OK,AGCGGTGAGTATGCGATGATAGATCGGAAGAGCGTCGTGTAGGGAAAGAGTGT,GATTCACGAATCGCCTCACGAGATCGGAAGAGCACACGTCTGAACTCCAGTCAC,ATCATCGCATACTCACCGCT,CGTGAGGCGATTCGTGAATC,59.98,60.05,158,"F:1, R:1"
b0158,1 (Strategy 0 (Ideal)),OK,GTGACTGGTTTGAACGTGCAAGATCGGAAGAGCGTCGTGTAGGGAAAGAGTGT,TTCCACTGGTAAATGGCGGAAGATCGGAAGAGCACACGTCTGAACTCCAGTCAC,TGCACGTTCAAACCAGTCAC,TCCGCCATTTACCAGTGGAA,59.91,59.97,247,"F:1, R:1"
b0348,11 (Strategy 0 (Ideal)),OK,TTGACCTCATCGAGCACCTCAGATCGGAAGAGCGTCGTGTAGGGAAAGAGTGT,ACGGCAATTGGTGATTTCGGAGATCGGAAGAGCACACGTCTGAACTCCAGTCAC,GAGGTGCTCGATGAGGTCAA,CCGAAATCACCAATTGCCGT,60.12,60.12,170,"F:1, R:1"
b0342,11 (Strategy 0 (Ideal)),OK,TTCGCGAAATAAACGACCGGAGATCGGAAGAGCGTCGTGTAGGGAAAGAGTGT,CCGATCCAGACGTTATTGCCAGATCGGAAGAGCACACGTCTGAACTCCAGTCAC,CCGGTCGTTTATTTCGCGAA,GGCAATAACGTCTGGATCGG,59.92,59.42,162,"F:1, R:1"
b0020,27 (Strategy 0 (Ideal)),OK,CCCAGGAATCAAAAGTCGCCAGATCGGAAGAGCGTCGTGTAGGGAAAGAGTGT,GTCGCGTCGAGAATGTGATGAGATCGGAAGAGCACACGTCTGAACTCCAGTCAC,GGCGACTTTTGATTCCTGGG,CATCACATTCTCGACGCGAC,59.84,60.06,227,"F:1, R:1"
